#,s,46
$,s,46
%,s,46
&,s,46
',s,46
(,s,46
),s,46
*,s,46
+,s,46
,s,46
-,s,46
.,s,46
/,s,46
:,s,46
,s,46
< ,s,46
=,s,46
> ,s,46
?,s,46
@,s,46
[,s,46
\,s,46
],s,46
^,s,46
_,s,46
`,s,46
{,s,46
|,s,46
},s,46
~,s,46
¢,s,46
£,s,46
¤,s,46
¥,s,46
₹,s,46
¦,s,46
§,s,46
¨,s,46
©,s,46
ª,s,46
«,s,46
¬,s,46
,s,46
®,s,46
¯,s,46
°,s,46
±,s,46
²,s,46
³,s,46
´,s,46
µ,s,46
¶,s,46
·,s,46
¸,s,46
¹,s,46
º,s,46
»,s,46
¼,s,46
½,s,46
¾,s,46
¿,s,46
À,s,46
Á,s,46
Â,s,46
Ã,s,46
Ä,s,46
Å,s,46
Æ,s,46
Ç,s,46
È,s,46
É,s,46
Ê,s,46
Ë,s,46
Ì,s,46
Í,s,46
Î,s,46
Ï,s,46
Ð,s,46
Ñ,s,46
Ò,s,46
Ó,s,46
Ô,s,46
Õ,s,46
Ö,s,46
×,s,46
Ø,s,46
Ù,s,46
Ú,s,46
Û,s,46
Ü,s,46
Ý,s,46
Þ,s,46
ß,s,46
à,s,46
á,s,46
â,s,46
ã,s,46
ä,s,46
å,s,46
æ,s,46
ç,s,46
è,s,46
é,s,46
ê,s,46
ë,s,46
ì,s,46
í,s,46
î,s,46
ï,s,46
ð,s,46
ñ,s,46
ò,s,46
ó,s,46
ô,s,46
õ,s,46
ö,s,46
÷,s,46
ø,s,46
ù,s,46
ú,s,46
û,s,46
ü,s,46
ý,s,46
þ,s,46
ÿ,s,46
Œ,s,46
œ,s,46
Š,s,46
š,s,46
Ÿ,s,46
ƒ,s,46
ˆ,s,46
˜,s,46
Α,s,46
Β,s,46
Γ,s,46
Δ,s,46
Ε,s,46
Ζ,s,46
Η,s,46
Θ,s,46
Ι,s,46
Κ,s,46
Λ,s,46
Μ,s,46
Ν,s,46
Ξ,s,46
Ο,s,46
Π,s,46
Ρ,s,46
Σ,s,46
Τ,s,46
Υ,s,46
Φ,s,46
Χ,s,46
Ψ,s,46
Ω,s,46
α,s,46
β,s,46
γ,s,46
δ,s,46
ε,s,46
ζ,s,46
η,s,46
θ,s,46
ι,s,46
κ,s,46
λ,s,46
μ,s,46
ν,s,46
ξ,s,46
ο,s,46
π,s,46
ρ,s,46
ς,s,46
σ,s,46
τ,s,46
υ,s,46
φ,s,46
χ,s,46
ψ,s,46
ω,s,46
ϑ,s,46
ϒ,s,46
ϖ,s,46
–,s,46
—,s,46
‘,s,46
’,s,46
‚,s,46
“,s,46
”,s,46
„,s,46
†,s,46
‡,s,46
‰,s,46
‹,s,46
›,s,46
•,s,46
…,s,46
′,s,46
″,s,46
‾,s,46
⁄,s,46
ℑ,s,46
ℜ,s,46
™,s,46
ℵ,s,46
←,s,46
↑,s,46
→,s,46
↓,s,46
↔,s,46
↵,s,46
⇐,s,46
⇑,s,46
⇒,s,46
⇓,s,46
⇔,s,46
◄,s,46
►,s,46
▲,s,46
▼,s,46
∀,s,46
∂,s,46
∃,s,46
∅,s,46
∇,s,46
∈,s,46
∉,s,46
∋,s,46
∏,s,46
∑,s,46
−,s,46
∗,s,46
√,s,46
∝,s,46
∞,s,46
∠,s,46
∧,s,46
∨,s,46
∩,s,46
∪,s,46
∫,s,46
∴,s,46
∼,s,46
≅,s,46
≈,s,46
≠,s,46
≡,s,46
≤,s,46
≥,s,46
⊂,s,46
⊃,s,46
⊄,s,46
⊆,s,46
⊇,s,46
⊕,s,46
⊗,s,46
⊥,s,46
⋅,s,46
⌈,s,46
⌉,s,46
⌊,s,46
⌋,s,46
〈,s,46
〉,s,46
◊,s,46
♠,s,46
♣,s,46
♥,s,46
♦,s,46
",",s,46
!,s,46
;,s,46
