aboard;p
about;p
above;p
absent;p
across;p
cross ;p
after;p
against;p
gainst;p
along;p
long;p
alongst;p
alongside;p
amid;p
amidst;p
midst;p
midst;p
among;p
amongst;p
mong;p
apropos;p
apud (formal);p
around;p
round;p
as;p
astride;p
at;p
@;p
atop;p
ontop;p
bar;p
before;p
afore;p
B4;p
behind;p
ahind;p
below;p
ablow;p
allow;p
beneath;p
neath;p
beside;p
besides;p
between;p
atween;p
betwixt;p
beyond;p
ayond;p
but;p
by;p
chez;p
circa;p
come;p
dehors;p
despite;p
spite;p
down;p
during;p
except;p
for;p
4;p
from;p
in;p
inside;p
into;p
less;p
like;p
minus;p
near;p
nearer;p
nearest;p
anear;p
notwithstanding;p
of;p
o';p
off;p
on;p
onto;p
opposite;p
out;p
outen ;p
outside;p
over;p
o'er;p
pace;p
past;p
per;p
plus;p
post;p
pre;p
pro;p
qua;p
sans;p
save;p
sauf;p
short;p
since;p
sithence;p
than;p
through;p
thru;p
throughout;p
thruout;p
till;p
to;p
2;p
toward;p
towards;p
under;p
underneath;p
unlike;p
until;p
til;p
til;p
unto;p
up;p
upon;p
pon;p
pon;p
upside;p
versus;p
vs.;p
via;p
vice;p
vis-à-vis;p
with;p
w/;p
within;p
w/i;p
without;p
w/o;p